name,position,b,t,class,school,division,state,hometown,stats_link
Maxime Adam,OF,R,R,Freshman,Western Nebraska,JUCO: Division 1,NE,"Montreal, Quebec",
Justin Adamoski,RHP,R,R,Freshman,University of British Columbia,NAIA,BC,"Burnaby, British Columbia",
Ben Adams,LHP,R,L,Freshman,St. John's University,NCAA: Division 1,NY,"Ottawa, Ontario",
Brock Alexander,,R,R,Freshman,Dakota,JUCO: Division 2,ND,"Calgary, Alberta",
Cole Alguire,RHP,R,R,Freshman,University of British Columbia,NAIA,BC,"Calgary, Alberta",
Dre Amaral,IF,R,R,Freshman,Bossier Parish,JUCO: Division 1,LA,"Cambridge, Ontario",
Kyle Anderson,IF/OF,L,R,Freshman,University of British Columbia,NAIA,BC,"Burnaby, British Columbia",
Gabriel Archambault,RHP,R,R,Freshman,Northeastern Oklahoma A&M,JUCO: Division 1,OK,"Laval, Quebec",
Darius Armorer,RHP/OF,R,R,Freshman,Three Rivers,JUCO: Division 1,MO,"Whitby, Ontario",
Nolan Austin,1B,R,R,Freshman,Northeastern Oklahoma A&M,JUCO: Division 1,OK,"Kamloops, British Columbia",
Jaden Babiuk,C/INF,L,R,Freshman,Valley City State University,NAIA,ND,"St. Albert, Alberta",
Jordan Bach,C/OF,L,R,Freshman,Saint Xavier University,NAIA,IL,"Lander, British Columbia",
Nick Backstrom,RHP/3B,R,R,Freshman,Lindsey Wilson College,NAIA,KY,Sunotel Alberta,
Ethan Barclay,,,,Freshman,Cleary University,NAIA,MI,"Hamilton, Ontario",
David Barron,"LHP,1B",,,Freshman,South Suburban,JUCO: Division 1,IL,Manitoba,
Lucas Bateman,C/INF,R,R,Freshman,Kankakee,JUCO: Division 2,IL,"Waterloo, Ontario",
Dylan Batista,RHP,R,R,Freshman,Dawson,JUCO: Division 2,MT,"Calderon, Ontario",
Kyle Baumgardt,RHP,,,Freshman,Columbia Basin,NW Athletic Conference,WA,Alberta,
Ryan Beitel,RHP/IF,R,R,Freshman,University of British Columbia,NAIA,BC,"Surrey, British Columbia",
Ardan Berg,RHP,R,R,Freshman,University of British Columbia,NAIA,BC,"Victoria, British Columbia",
Charles Bernard,P,,,Freshman,"University of Maryland, Eastern Shore",NCAA: Division 1,MD,Quebec,
Archer Blumenschein,RHP,R,R,Freshman,Western Nebraska,JUCO: Division 1,NE,"Sherwood Park, Alberta",
Emile Boies,SS,L,R,Freshman,Northeastern Oklahoma A&M,JUCO: Division 1,OK,Quebec,
Zach Boivin,3B/2B,R,R,Freshman,Vernon,JUCO: Division 1,TX,"Quebec City, Quebec",
Tyler Boudreau,RHP,R,R,Freshman,Midland,JUCO: Division 1,TX,Nova Scotia,
Noah Boutilier,INF,R,R,Freshman,Panola,JUCO: Division 1,TX,"""Nova Scotia",
Justin Breen,IF,R,R,Freshman,Bossier Parish,JUCO: Division 1,LA,"Fort McMurray, Alberta",
Teddy Brimblecombe,RHP,R,R,Freshman,Albion College,NCAA: Division 3,MI,"Kitchener, Ontario",
Kevin Campbell,P,,,Freshman,Onondaga,JUCO: Division 3,NY,"Uxbridge, Ontario",
Hunter Campese,LHP,L,L,Freshman,Pensacola State,JUCO: Division 1,FL,"Toronto, Ontario",
Hunter Canning,RHP,R,R,Freshman,Panola,JUCO: Division 1,TX,"""Nova Scotia",
Connor Caskenette,C/OF,R,R,Freshman,Cochise,JUCO: Division 1,AZ,"Duncan, British Columbia",
Thler Charette,RHP,R,R,Freshman,Dawson,JUCO: Division 2,MT,"L'Ange-Gardien, Quebec",
Jason Chiu,IF,R,R,Freshman,Bryan College,NAIA,TN,Toronto,
Josh Cleggett,C,,,Freshman,Arizona Western,JUCO: Division 1,AZ,"Regina, Saskatchewan",
Tyler Coakley,RHP,R,R,Freshman,Vernon,JUCO: Division 1,TX,"Burlington, Ontario",
Bailey Coish,OF,R,R,Freshman,Frank Phillips,JUCO: Division 1,TX,Fort McMurray,
Zach Cole,,R,R,Freshman,Dakota,JUCO: Division 2,ND,"Calgary, Alberta",
Peyton Consigli,RHP,L,R,Freshman,Canisius College,NCAA: Division 1,NY,"Fonthill, Ontario",
Jacob Corby,RHP,R,R,Freshman,Three Rivers,JUCO: Division 1,MO,"Thornhill, Ontario",
Riley Craw,RHP/INF,L,R,Freshman,Lake Region State,JUCO: Division 2,ND,"Winnipeg, Manitoba",
Nash Crowell,IF,R,R,Freshman,Bismarck State,JUCO: Division 2,ND,"Yarmouth, Nova Scotia",
Connor Crowson,IF,R,R,Freshman,Bossier Parish,JUCO: Division 1,LA,"Okotoks, Alberta",
Jayden Cull,UTL,,,Freshman,Lyon College,NAIA,AR,"Victoria, British Columbia",
Alan Dai,UT,R,R,Freshman,Amherst College,NCAA: Division 3,MA,"Coquitlam, British Columbia",
Maxx Davidson,RHP,,,Freshman,Dodge City,JUCO: Division 1,KS,,
Tristian DesLauriers,C/INF,,,Freshman,Salem University,NCAA: Division 2,WV,"Oshawa, Ontario",
Yohann Dessureault,INF,,,Freshman,Stetson University,NCAA: Division 1,FL,"Trois-Rivieres, Quebec",
Josiah Devapalan,1B,,,Freshman,Northwestern Oklahoma State University,NCAA: Division 2,OK,"Brampton, Ontario",
Tyson Dias,RHP,R,R,Freshman,Three Rivers,JUCO: Division 1,MO,"Surrey, British Columbia",
Mason Dobie,IF,,,Freshman,University of Dayton,NCAA: Division 1,OH,"Meaford, Ontario",
Vicarte Domingo,RHP,R,R,Freshman,University of British Columbia,NAIA,BC,"Vancouver, British Columbia",
Will Droll,LHP,L,L,Freshman,University of Pittsburgh,NCAA: Division 1,PA,"Thunder Bay, Ontario",
Aaron Duffy,RHP,L,R,Freshman,Canisius College,NCAA: Division 1,NY,"Burlington, Ontario",
Nyles Duren,,,,Freshman,Ohio Valley University,NCAA: Division 2,WV,"Windsor, Ontario",
James Dutton,OF,R,R,Freshman,Indian Hills,JUCO: Division 1,IA,"Toronto, Ontario",
Calder Eagleton,IF,R,R,Freshman,Bismarck State,JUCO: Division 2,ND,"Okotoks, Alberta",
Dylan Edmands,IF,,,Freshman,Arizona Western,JUCO: Division 1,AZ,"Regina, Saskatchewan",
Campbell Ellis,LHP,L,L,Freshman,Virginia Commonwealth University,NCAA: Division 1,VA,"Georgetown, Ontario",
Nicholas Fazzari,C,,,Freshman,Parkland,JUCO: Division 2,IL,"Thunder Bay, Ontario",
Anderson Fenton,LHP,L,L,Freshman,Marshalltown,JUCO: Division 1,IA,"Ridgetown, Ontario",
Steven Fiorino,C/INF,,,Freshman,Danville Area,JUCO: Division 2,IL,Ontario,
Conner Fortier,RHP,R,R,Freshman,University of Jamestown,NAIA,ND,"Airdrie, Alberta",
Eric Foufoulas,,,,Freshman,Cloud County,JUCO: Division 1,KS,"Vernon, British Columbia",
Bryce Franklin,,,,Freshman,Cleary University,NAIA,MI,"Victoria, British Columbia",
Andrew Franson,LHP/P,R,R,Freshman,Williston State,JUCO: Division 2,ND,"Okotos, Alberta",
Gavin Fraser,INF,R,R,Freshman,Mount Marty College,NAIA,SD,"Spruce Grove, Alberta",
Daniel Freeman,OF,R,R,Freshman,Cornerstone University,NAIA,MI,"Oakville, Ontario",
Bennett Freiter,C,R,R,Freshman,North Dakota State University,NCAA: Division 1,ND,"St. Andrews, Manitoba",
Nathan Galati,RHP,R,R,Freshman,Northeastern,JUCO: Division 1,CO,,
Nolan Gallagher,INF,R,R,Freshman,Medaille College,NCAA: Division 3,NY,"Hamilton, Ontario",
Luis Gallardo,,R,R,Freshman,Dakota,JUCO: Division 2,ND,"Red Deer, Alberta",
Josh Gencel,IF/RHP,R,R,Freshman,Marshalltown,JUCO: Division 1,IA,"Toronto, Ontario",
Josh Gerhardt,3B,,,Freshman,Trinidad State,JUCO: Division 1,CO,Edmonton,
Mason Glowacki,IF,R,R,Freshman,East Central University,NCAA: Division 2,OK,"Kelowna, British Columbia",
Caden Gomes,MIF,R,R,Freshman,Notre Dame College,NCAA: Division 2,OH,"Harrow, Ontario",
Logan Grant,IF/C,L,R,Freshman,Bismarck State,JUCO: Division 2,ND,"Calgary, Alberta",
Lincoln Greasley,IF,R,R,Freshman,Cornell College,NCAA: Division 3,IA,Toronto,
Caden Griffin,LHP,L,L,Freshman,Bossier Parish,JUCO: Division 1,LA,"Ottawa, Ontario",
Simon Grinberg,C,L,R,Freshman,Bossier Parish,JUCO: Division 1,LA,"Kitchener, Ontario",
Roman Guthrie,,,,Freshman,SW Oregon,NW Athletic Conference,OR,"Delta, British Columbia",
Jude Hall,OF,,,Freshman,Yavapai,JUCO: Division 1,AZ,"Langley, British Columbia",
Kalem Haney,INF,L,R,Freshman,University of Mary,NCAA: Division 2,ND,"Lethbridge, Alberta",
Blake Harsulla,OF,R,R,Freshman,Colby,JUCO: Division 1,KS,"Ardrossan, Alberta",
Logan Harvey,C,R,L,Freshman,Marshalltown,JUCO: Division 1,IA,"Hammond Plains, Nova Scotia",
Cody Hendriks,IF,R,R,Freshman,"California State University, Bakersfield",NCAA: Division 1,CA,"Coquitlam, British Columbia",
Eli Hernandez,RRHP/1B,R,R,Freshman,Western Nebraska,JUCO: Division 1,NE,Ontario,
Nolan Hines,,,,Freshman,Clark,NW Athletic Conference,WA,"Calgary, Alberta",
Alex Hobgood,C,R,R,Freshman,University of Hawaii at Hilo,NCAA: Division 2,HI,"Ottawa, Ontario",
Evan Hoegler,RHP,R,R,Freshman,University of British Columbia,NAIA,BC,"North Vancouver, British Columbia",
Alex Horobetz,INF,R,R,Freshman,Lake Region State,JUCO: Division 2,ND,"Hamilton, Ontario",
Jack Hourahine,IF,R,R,Freshman,Western Nebraska,JUCO: Division 1,NE,"Cambridge, Ontario",
Peter Houston,,,,Freshman,Cleary University,NAIA,MI,"Port Hope, Ontario",
Dryden Howse,INF,L,R,Freshman,Barton,JUCO: Division 1,KS,"Okotoks, Alberta",
Justin Humenay,RHP,R,R,Freshman,Virginia Commonwealth University,NCAA: Division 1,VA,"Montreal, Quebec",
Alexis Hurens,OF,R,R,Freshman,Seminole State (OK),JUCO: Division 1,OK,Quebec,
Brayden Ingogolia,MIF,,,Freshman,Salem University,NCAA: Division 2,WV,"Newmarket, Ontario",
Blake Jacklin,OF,L,R,Freshman,Davenport University,NCAA: Division 2,MI,"St. Jacobs, Ontario",
Jacob Jackson,INF,R,R,Freshman,Siena Heights University,NAIA,MI,"Ajax, Ontario",
Core Jackson,INF,L,R,Freshman,"University of Nebraska, Lincoln",NCAA: Division 1,NE,"Wyoming, Ontario",
Matthew Jeffery,RHP,R,R,Freshman,Bossier Parish,JUCO: Division 1,LA,"St. Catharines, Ontario",
Andrius Jerenas,,,,Freshman,Cleary University,NAIA,MI,"Mississauga, Ontario",
Ryan Johnson,C,,,Freshman,Hesston,JUCO: Division 2,KS,Abbotsford,
Lucas Johnson,C,,,Freshman,Wright State University,NCAA: Division 1,OH,"Hamilton, Ontario",
Bradley Jolley,1B,L,R,Freshman,Park University Gilbert,NAIA,AZ,"Edmonton, Alberta",
Logan Keating,OF,R,L,Freshman,Three Rivers,JUCO: Division 1,MO,"Kelowna, British Columbia",
Tyson Kemp,INF,R,R,Freshman,Siena Heights University,NAIA,MI,"Calgary, Alberta",
Adam Khan,RHP,R,R,Freshman,University of British Columbia,NAIA,BC,"Aurora, Ontario",
Avery Kirkup,C/1B/P,,,Freshman,Barstow College,California CC,CA,"Oyen, Alberta",
Jesse Kool,,,,Freshman,West Virginia University Institute of Technology,NAIA,WV,"Barrie, Ontario",
Carter Kopp,RHP/IF,R,R,Freshman,Saint Xavier University,NAIA,IL,"Saskatoon, Saskatchewan",
Colby Krupp,,,,Freshman,Cleary University,NAIA,MI,"Calgary, Alberta",
Tyler Larguinho,OF,L,R,Freshman,Lincoln Trail,JUCO: Division 1,IL,"Maple, Ontario",
Zach Laurie,OF/C,L,R,Freshman,St. John's University,NCAA: Division 1,NY,"Peterborough, Ontario",
Joe Lavoie,LHP,L,L,Freshman,Cornell College,NCAA: Division 3,IA,Edmonton,
Lucas Lefebvre,SS,,,Freshman,Barstow College,California CC,CA,"Coquitlam, British Columbia",
Luciano Letteri,OF,R,R,Freshman,University of British Columbia,NAIA,BC,"Coquitlam, British Columbia",
Stephen Lin,C,,,Freshman,Shoreline,NW Athletic Conference,WA,"Surrey, British Columbia",
Tanner Low,LHP,,,Freshman,Salem University,NCAA: Division 2,WV,"Vineland, Ontario",
Simon Lusignan,RHP,,,Freshman,Stetson University,NCAA: Division 1,FL,"Boucherville, Quebec",
Campbell Lyons,RHP,R,R,Freshman,Dawson,JUCO: Division 2,MT,"Brooklin, Ontario",
Braeden MacDonald,OF,R,R,Freshman,Kankakee,JUCO: Division 2,IL,"Corunna, Ontario",
Mike MacDougall,RHP,L,R,Freshman,University of Indianapolis,NCAA: Division 2,IN,"Toronto, Ontario",
Blake MacMillan,P,,,Freshman,Onondaga,JUCO: Division 3,NY,Mississauga. Ontario,
Brendan Mahood,RHP/OF,L,R,Freshman,Saint Xavier University,NAIA,IL,"Dorchester, Ontario",
Aaron Marsh,INF,L,R,Freshman,Cochise,JUCO: Division 1,AZ,"Nanaimo, British Columbia",
Drizzt Maxwell,,,,Freshman,"University of Pittsburgh, Greensburg",NCAA: Division 3,PA,"Kerwood, Ontario",
Brayden Mayencourt,INF,,,Freshman,Columbia Basin,NW Athletic Conference,WA,"Langley, British Columbia",
Nathan McCabe,C,L,R,Freshman,Morehead State University,NCAA: Division 1,KY,"Oshawa, Ontario",
Spencer McDonell,OF,R,R,Freshman,John Carroll University,NCAA: Division 3,OH,"Toronto, Ontario",
Dustin McElwain,OF,R,R,Freshman,William Jessup University,NAIA,CA,"Richmond, British Columbia",
Jonny McGill,OF,L,R,Freshman,University of British Columbia,NAIA,BC,"Richmond, British Columbia",
Tyson McInnes,RHP,R,R,Freshman,Edmonds,NW Athletic Conference,WA,"Squamish, British Columbia",
Shaye McTavish,RHP/ING,L,R,Freshman,University of Mary,NCAA: Division 2,ND,"Lethbridge, Alberta",
Mitchell Middlemiss,OF,R,R,Freshman,University of British Columbia,NAIA,BC,"Chilliwack, British Columbia",
Michael Millross,UTL,L,R,Freshman,Elmira College,NCAA: Division 3,NY,"Ottawa, Ontario",
Max Mitzel,INF,,,Freshman,Colorado Northwestern,JUCO: Division 1,CO,Port Coquitlam,
Jack Moir,C,R,R,Freshman,Itasca,JUCO: Division 3,MN,"Winnipeg, Manitoba",
Tyler Mosher,INF,S,R,Freshman,Davenport University,NCAA: Division 2,MI,"Dutton, Ontario",
Jack Mount,,,,Freshman,Cloud County,JUCO: Division 1,KS,"Val Des Monts, Quebec",
Adlai Muench,OF,,,Freshman,Salem University,NCAA: Division 2,WV,"Martensville, Saskatchewan",
Justin Murray,INF/OF,,,Freshman,Salem University,NCAA: Division 2,WV,"Markham, Ontario",
Tory Nelson,IF,R,R,Freshman,Bismarck State,JUCO: Division 2,ND,"Medicine Hat, Alberta",
Ethan Nichols,RHP/OF,R,R,Freshman,Saint Michael's College,NCAA: Division 2,VT,"Alderville, Ontario",
Brandon Nicoll,INF,,,Freshman,Southern Arkansas University,NCAA: Division 2,AR,"Langley, British Columbia",
Josh Niles,IF,R,R,Freshman,Canisius College,NCAA: Division 1,NY,"St. Thomas, Ontario",
Glenn Noronha,OF,L,R,Freshman,West Texas A&M University,NCAA: Division 2,TX,"Mississauga, Ontario",
Connor North,LHP,,,Freshman,Colorado Northwestern,JUCO: Division 1,CO,Sooke British Columbia,
Trevor Nyp,INF,L,R,Freshman,Oakton,JUCO: Division 3,IL,"Eastwood  Kitchener, Ontario",
Tyler Offman,1B,L,L,Freshman,New York University,NCAA: Division 3,NY,"Thornhill, Ontario",
Tristan Osika,SS,S,R,Freshman,Indiana Tech,NAIA,IN,"Ancaster, Ontario",
Tommy Palazoff,INF.,R,R,Freshman,New Mexico,JUCO: Division 1,NM,"Langley, British Columbia",
Griffin Palfrey,INF/RHP,R,R,Freshman,Columbia University,NCAA: Division 1,NY,"Vancouver, British Columbia",
Myles Pallister,RHP,R,R,Freshman,Niagara University,NCAA: Division 1,NY,"Lacombe, Alberta",
Matthew Panzica,RHP/OF,L,R,Freshman,Niagara University,NCAA: Division 1,NY,"Maple, Ontario",
Sukhbir Parmar,RHP,,,Freshman,Salem University,NCAA: Division 2,WV,"Markham, Ontario",
Julian Parson,RHP,R,R,Freshman,"University of South Carolina, Upstate",NCAA: Division 1,SC,"Mississauga, Ontario",
Billy Patmore,,R,R,Freshman,Dakota,JUCO: Division 2,ND,"Pipestone, Manitoba",
Raphael Pelletier,C,L,R,Freshman,Kansas State University,NCAA: Division 1,KS,"Mascouche, Quebec",
Sean Pettener,INF,L,R,Freshman,Menlo College,NAIA,CA,"Hamilton, Ontario",
Eric Pettipiece,LHP,L,L,Freshman,Goshen College,NAIA,IN,"Dorchester, Ontario",
Justin Philp,,,,Freshman,Madonna University,NAIA,MI,"Guelph, Ontario",
Duncan Picketts,C,R,L,Freshman,Marshalltown,JUCO: Division 1,IA,"Kensington, Prince Edwards Island",
Joshua Pilgrim,,R,R,Freshman,John Wood,JUCO: Division 2,IL,"Mission, British Columbia",
Justin Pisano,RHP,,,Freshman,Salem University,NCAA: Division 2,WV,"St. Catharines, Ontario",
Émilien Pitre,INF,L,R,Freshman,University of Kentucky,NCAA: Division 1,KY,"Repentigny, Quebec",
Tom Poole,,,,Freshman,Cloud County,JUCO: Division 1,KS,"Calgary, Alberta",
Hunter Porter,UTIL,R,R,Freshman,Morehead State University,NCAA: Division 1,KY,"Parkland County, Alberta",
Joel Portz,RHP,R,R,Freshman,Bismarck State,JUCO: Division 2,ND,"Grand Prairie, Alberta",
Griff Potter,LHP,L,L,Freshman,Western Nebraska,JUCO: Division 1,NE,"Kincardine, Ontario",
Gavin Pringle,RHP,R,T,Freshman,Hawaii Pacific University,NCAA: Division 2,HI,"Duncan, British Columbia",
Otis Pritchett,RHP,R,R,Freshman,University of British Columbia,NAIA,BC,"Vancouver, British Columbia",
Gauthaman Ramesh,SS/2B,R,R,Freshman,Rochester Institute of Technology,NCAA: Division 3,NY,"Markham, Ontario",
Jack Rea,INF,,,Freshman,Colorado Northwestern,JUCO: Division 1,CO,Edmonton,
Dawson Rempel,LHP,R,L,Freshman,Northern State University,NCAA: Division 2,SD,"Altona, Manitoba",
Hayden Rhody,RHP,R,R,Freshman,MidAmerica Nazarene University,NAIA,KS,"Thorsby, Alberta",
Mario Ricci,C,S,R,Freshman,University of British Columbia,NAIA,BC,"Burnaby, British Columbia",
Ben Roberts,RHP,R,R,Freshman,"University of South Carolina, Upstate",NCAA: Division 1,SC,"Burlington, Ontario",
Aidan Rose,IF,R,R,Freshman,University of British Columbia,NAIA,BC,"Calgary, Alberta",
Carter Roth,IF,L,R,Freshman,Colby,JUCO: Division 1,KS,"Stratford, Ontario",
Julian Russell,P/INF,,,Freshman,Alderson Broaddus University,NCAA: Division 2,WV,"Milton, Ontario",
Nico Saldias,RHP,R,R,Freshman,Saint Xavier University,NAIA,IL,"Ajax, Ontario",
Santiago Sanchez,C,,,Freshman,Northwestern Oklahoma State University,NCAA: Division 2,OK,"Kirkland, Quebec",
Cameron Sanderson,IF,R,R,Freshman,University of British Columbia,NAIA,BC,"London, Ontario",
Ethan Sansaie-Edwards,OF/RHP,R,R,Freshman,St. Clair County,JUCO: Division 2,MI,"Mississauga, Ontario",
Colton Schaper-Kotter,UTL,L,R,Freshman,East Central University,NCAA: Division 2,OK,"Vernon, British Columbia",
Ryan Scott,RHP,,,Freshman,Yavapai,JUCO: Division 1,AZ,"Langley, British Columbia",
Graham Seltzer,RHP,R,R,Freshman,University of British Columbia,NAIA,BC,"Vancouver, British Columbia",
Bauer Sewell,IF,R,R,Freshman,University of Jamestown,NAIA,ND,"Calgary, Alberta",
Declan Shaw,RHP/1B,,,Freshman,West Virginia University Institute of Technology,NAIA,WV,"Whitby, Ontario",
Matthew Shewfelt,RHP,R,R,Freshman,University of British Columbia,NAIA,BC,"Burnaby, British Columbia",
Josh Siemens,RHP/IF,L,R,Freshman,Whitworth University,NCAA: Division 3,WA,"Abbotsford, British Columbia",
Virot Siharath,RHP,R,R,Freshman,Virginia Commonwealth University,NCAA: Division 1,VA,"Keswick, Ontario",
Riley Silva,OF,L,R,Freshman,Barton,JUCO: Division 1,KS,Ontario,
Matt Simpson,C,,,Freshman,Northland College,NCAA: Division 3,WI,"Ladysmith, British Columbia",
Mathieu Sirois,1B/OF,R,L,Freshman,Bellevue University,NAIA,NE,"Quebec City, Que.",
Nathan Slobodian,RHP,R,R,Freshman,Minot State University,NCAA: Division 2,ND,"Porcupine Plain, Saskatchewan",
Treyson Smith,IF,L,R,Freshman,Bossier Parish,JUCO: Division 1,LA,"Abbotsford, British Columbia",
Jackson Smith,C,,,Freshman,Murray State,JUCO: Division 2,OK,"Toronto, Ontario",
Jaxson Smith-Peterson,RHP,R,R,Freshman,Minnesota West,JUCO: Division 3,MN,"Victoria, British Columbia",
Mikenzie Sondergaard,LHP,L,L,Freshman,Three Rivers,JUCO: Division 1,MO,"Maidstone, Saskatchewan",
Kevin Spooner,RHP,R,R,Freshman,Three Rivers,JUCO: Division 1,MO,"Gatineaw, Quebec",
Jordan Spring,RHP,R,R,Freshman,Bossier Parish,JUCO: Division 1,LA,"London, Ontario",
Dawson Steele,INF,L,R,Freshman,Lake Region State,JUCO: Division 2,ND,"Mission, British Columbia",
Michael Stremlaw,RHP,L,R,Freshman,Butler University,NCAA: Division 1,IN,"Ottawa, Ontario",
Zachariah Stylianou,RHP,R,R,Freshman,Dawson,JUCO: Division 2,MT,"Waterdown, Ontario",
Kenneth Sugi,OF,L,R,Freshman,Kaskaskia,JUCO: Division 1,IL,"North Vancouver, British Columbia",
Jackson Taylor,OF,R,R,Freshman,Lake Region State,JUCO: Division 2,ND,"Oshawa, Ontario",
Jack Taylor,INF,R,R,Freshman,Rend Lake,JUCO: Division 1,IL,"Abbotsford, British Columbia",
Dominic Teoli,,,,Freshman,Eastern Florida State,JUCO: Division 1,FL,Montreal,
Nathan Thomasson,INF/RHP,L,R,Freshman,Three Rivers,JUCO: Division 1,MO,"Nanaimo, British Columbia",
Kevin Thompson,3B/OF,,,Freshman,Salem University,NCAA: Division 2,WV,"Thorold, Ontario",
Cooper Tomkinson,IF,,,Freshman,Dodge City,JUCO: Division 1,KS,,
Eric Toms,RHP,R,R,Freshman,Lake Region State,JUCO: Division 2,ND,"Ottowa, Ontario",
Lukas Touma,RHP,R,R,Freshman,"University of South Carolina, Upstate",NCAA: Division 1,SC,"Whitby, Ontario",
Chase Tucker,C,,,Freshman,Salem University,NCAA: Division 2,WV,"St. John's, Newfoundland",
Stefan Turino,OF,R,L,Freshman,Three Rivers,JUCO: Division 1,MO,Toronto,
Kole Turner,RHP/INF,R,R,Freshman,Three Rivers,JUCO: Division 1,MO,"Surrey, British Columbia",
Trent Verch,1B,,,Freshman,Onondaga,JUCO: Division 3,NY,"Ottawa, Ontario",
Robin Villenueve,LHP/1B,R,L,Freshman,Weatherford,JUCO: Division 1,TX,"Gatineau, QUE",
Ellis Vugteveen,RHP,R,R,Freshman,Three Rivers,JUCO: Division 1,MO,"Nanaimo, British Columbia",
Aaoron Vulcano,C/OF,R,R,Freshman,Colby,JUCO: Division 1,KS,"Cloverdale, British Columbia",
Parker Wakelyn,RHP,,,Freshman,Clarendon,JUCO: Division 1,TX,"Abbotsford, British Columbia",
Matt Ward,C,R,R,Freshman,Niagara University,NCAA: Division 1,NY,"Mississauga, Ontario",
Cole Watson,C,R,R,Freshman,Saint Peter's University,NCAA: Division 1,NJ,Ontario,
Michael Watson,RHP,R,R,Freshman,St. Lawrence University,NCAA: Division 3,NY,"Claremont, Ontario",
Will Watson,RHP,R,R,Freshman,West Virginia University,NCAA: Division 1,WV,"Brampton, Ontario",
Cassidy Watt,C,,,Freshman,Colorado Northwestern,JUCO: Division 1,CO,British Columbia,
Kyle Whiteclaw,,R,R,Freshman,Dakota,JUCO: Division 2,ND,"Cambridge, Ontario",
Brendan Wilkinson,RHP,R,R,Freshman,Virginia Commonwealth University,NCAA: Division 1,VA,"Milton, Ontario",
Justin Willis,,,,Freshman,Clark,NW Athletic Conference,WA,"Calgary, Alberta",
Colin Windle,RHP,R,R,Freshman,Hilbert College,NCAA: Division 3,NY,"Aurora, Ontario",
Ayden Wood,LHP/OF,L,L,Freshman,Southeastern,JUCO: Division 2,IA,"Courtice, Ontario",
Nick Woodcock,LHP,,,Freshman,Yavapai,JUCO: Division 1,AZ,"Whitby, Ontario",
Branden Woods,LHP,L,L,Freshman,University of British Columbia,NAIA,BC,"Red Deer, Alberta",
Josh Wynette,LHP,L,L,Freshman,Dawson,JUCO: Division 2,MT,"Three Hills, Alberta",
Hilo Yamamoto,IF,R,R,Freshman,University of British Columbia,NAIA,BC,"Whistler, British Columbia",
Seungjin Yea,INF/RHP,R,R,Freshman,Northeastern,JUCO: Division 1,CO,Stratford ON,
Russell Young,C,R,R,Freshman,Johnson County,JUCO: Division 1,KS,"Surrey, British Columbia",
Mateo Zeppieri,OF,L,R,Freshman,McLennan,JUCO: Division 1,TX,"Newmarket, Ontario",
Noah Zimmer,RHP,L,R,Freshman,Southwestern Assemblies of God Univ,NAIA,TX,"Chilliwack, British Columbia",
Levi Abbott,RHP,R,R,Sophomore,Canisius College,NCAA: Division 1,NY,"Lethbridge, Alberta",
Cohen Achen,RHP,R,R,Sophomore,Lindsey Wilson College,NAIA,KY,Calgary Alberta,
Kayontae Alarcon,IF,L,R,Sophomore,Oakland City University,NAIA,IN,"Toronto, Ontario",
Liam Allen,IF/RHP,R,R,Sophomore,Marshalltown,JUCO: Division 1,IA,"St. Andrews, Manitoba",
Bryce Arnold,INF,,,Sophomore,Campbell University,NCAA: Division 1,NC,"Grimsby, Ontario",
Jared Arnold,RHP,R,R,Sophomore,Colby,JUCO: Division 1,KS,"Red Deer, Alberta",
Andrew Asselin,RHP,,,Sophomore,Shorter University,NCAA: Division 2,GA,Winnipeg Manitoba,
Kimani Bailey,RHP,R,R,Sophomore,Grambling State University,NCAA: Division 1,LA,"Windsor, Ontario",
Thomas Bakoway,OF,R,L,Sophomore,Siena Heights University,NAIA,MI,"Millarville, Alberta",
Ethan Baptie,OF,R,R,Sophomore,University of Mary,NCAA: Division 2,ND,"Woodstock, Ontario",
Liam Bates,RHP,,,Sophomore,Cloud County,JUCO: Division 1,KS,"Vancouver, British Columbia",
Kayden Beauregard,C,R,R,Sophomore,Illinois State University,NCAA: Division 1,IL,"Abbotsford, British Columbia",
PJ Bellemare,C,R,R,Sophomore,Benedictine University,NCAA: Division 3,IL,Montreal,
Bryn Biemiller,RHP,R,R,Sophomore,Lourdes University,NAIA,OH,"Newmarket, Ontario",
Logan Blumhagen,LHP,L,L,Sophomore,William Woods University,NAIA,MO,Alberta,
Mathew Bomersback,RHP,R,R,Sophomore,Dawson,JUCO: Division 2,MT,Quebec,
Mike Brisson,INF,R,R,Sophomore,Niagara University,NCAA: Division 1,NY,"St. Albert, Alberta",
Jaden Brown,INF,R,R,Sophomore,University of Texas at Arlington,NCAA: Division 1,TX,"Mississauga, Ontario",
Jake Bucovetsky,1B,,,Sophomore,Highland (KS),JUCO: Division 1,KS,"Toronto, Ontario",
Williams Camacho-Soto,3B/OF,,,Sophomore,Cloud County,JUCO: Division 1,KS,"Burnaby, British Columbia",
Zach Cameron,RHP/3B,R,R,Sophomore,Niagara University,NCAA: Division 1,NY,"Hamilton, Ontario",
Ronnel Castro,INF,R,R,Sophomore,Frontier,JUCO: Division 1,IL,"Kelowna, British Columbia",
Eric Chartier,INF,,,Sophomore,University of Charleston,NCAA: Division 2,WV,"Newmarket, Ontario",
Evan Chenier,RHP,R,R,Sophomore,Virginia Commonwealth University,NCAA: Division 1,VA,"Georgetown, Ontario",
Fynn Chester,RHP,R,R,Sophomore,Salt Lake,JUCO: Division 1,UT,"Victoria, British Columbia",
Michael Clapperton,INF,,,Sophomore,"University of Texas, Permian Basin",NCAA: Division 2,TX,"Calgary, Alberta",
Tanner Clyne,,R,R,Sophomore,Dakota,JUCO: Division 2,ND,"Boissevain, Manitoba",
David Coleman,OF,L,L,Sophomore,High Point University,NCAA: Division 1,NC,"Mississauga, Ontario",
Khalid Collymore,OF,L,R,Sophomore,University of Montevallo,NCAA: Division 2,AL,"Mississauga, Ontario",
Joel Connors,RHP/INF,L,R,Sophomore,St. Andrews University,NAIA,NC,"Brandon, Ontario",
Brett Corbeth,C,R,R,Sophomore,University of British Columbia,NAIA,BC,"London, Ontario",
Connor Cory,P,,,Sophomore,Mayville State University,NAIA,ND,"Wawanesa, Manitoba",
Caelan Cunningham,OF,R,R,Sophomore,Lourdes University,NAIA,OH,"Port Dover, Ontario",
Quinten Davidoff,RHP,,,Sophomore,Corban University,NAIA,OR,"Victoria, British Columbia",
Cedric De Grandpre,RHP,R,R,Sophomore,Chipola,JUCO: Division 1,FL,St. Simon,
Mitchell Dennis,RHP,R,R,Sophomore,University of Jamestown,NAIA,ND,"Okotoks, Alberta",
Nick DiGennaro,INF,R,R,Sophomore,Lourdes University,NAIA,OH,"Oakville, Ontario",
Carlin Dick,OF,L,L,Sophomore,Canisius College,NCAA: Division 1,NY,"Abbotsford, British Columbia",
Kurt Dillon,RHP,R,R,Sophomore,Louisiana Tech University,NCAA: Division 1,LA,"Cornwall, Ontario",
Matthew Dobberthien,RHP/OF,R,R,Sophomore,Colby,JUCO: Division 1,KS,"Calbary, Alberta",
Diego Dominguez,RHP,,,Sophomore,Dodge City,JUCO: Division 1,KS,,
Haden Dow,LHP,,,Sophomore,Cloud County,JUCO: Division 1,KS,"St. John, New Brunswick",
David Draayers,INF,L,R,Sophomore,Northeastern,JUCO: Division 1,CO,Abbotsford BC,
Thomas Drouin,OF,L,R,Sophomore,Baruch College,NCAA: Division 3,NY,Quebec City,
Sebastien Dubois,IF,R,R,Sophomore,St. Norbert College,NCAA: Division 3,WI,"Ottawa, Ontario",
Matt Duffy,RHP,L,R,Sophomore,Canisius College,NCAA: Division 1,NY,"Burlington, Ontario",
Matt Fabian,IF,R,R,Sophomore,Ithaca College,NCAA: Division 3,NY,"Toronto, Ontario",
Gregor Farquharson,RHP,,,Sophomore,Mayville State University,NAIA,ND,"Saltcoats, Saskatchewan",
Mike Fitzsimmons,IF,R,R,Sophomore,University of British Columbia,NAIA,BC,"Chilliwack, British Columbia",
Samuel Fortier,OF,,,Sophomore,Southwestern Oklahoma State University,NCAA: Division 2,OK,Quebec,
Jackson Fraser,RHP,,,Sophomore,LSU Eunice,JUCO: Division 2,LA,"Buena Vista, Saskatchewan",
Kyle Froehlich,RHP/IF,L,R,Sophomore,Colby,JUCO: Division 1,KS,"Nipawin, Saskatchewan",
Jacob Gajic,LHP,R,L,Sophomore,Northwest Missouri State University,NCAA: Division 2,MO,"Hamilton, Ontario",
Zach Gardiner,INF/OF,,,Sophomore,Marshall University,NCAA: Division 1,WV,"Oakville, Ontario",
Noah Geekie,OF/LHP,R,L,Sophomore,Emporia State University,NCAA: Division 2,KS,"Strathclair, Manitoba",
Louis Gendron,C/UTL,L,R,Sophomore,The College of Saint Rose,NCAA: Division 2,NY,"Levis, Quebec",
Daniel Gernon,OF,R,R,Sophomore,Lower Columbia,NW Athletic Conference,WA,"Surrey, British Columbia",
Lucas Gilbert,RHP,R,R,Sophomore,North Iowa Area,JUCO: Division 2,IA,"Belleville, Ontario",
Nick Graham,RHP,,,Sophomore,Clarendon,JUCO: Division 1,TX,"Abbotsford, British Columbia",
Max Grant,C/3B,L,R,Sophomore,Canisius College,NCAA: Division 1,NY,"Fredericton, New Brunswick",
Cody Greenfield,C,R,R,Sophomore,Lake Erie College,NCAA: Division 2,OH,Toronto,
Jaden Griffin,LHP,L,L,Sophomore,Virginia Commonwealth University,NCAA: Division 1,VA,"Lower Sackville, Nova Scotia",
Thomas Grilli,IF,,,Sophomore,St. Bonaventure University,NCAA: Division 1,NY,"Toronto, Ontario",
Josh Hare,INF,R,R,Sophomore,Lourdes University,NAIA,OH,"Simcoe, Ontario",
Andrew Haynes,RHP,R,R,Sophomore,Shippensburg University,NCAA: Division 2,PA,"Toronto, Ontario",
Andrew Hazell,RHP,R,R,Sophomore,Mars Hill University,NCAA: Division 2,NC,"Brantford, Ontario",
Reece Helland,RHP,R,R,Sophomore,Monterey Peninsula College,California CC,CA,"Moose Jaw, Saskatchewan",
Adam Hill,RHP,R,R,Sophomore,Jefferson (MO),JUCO: Division 1,MO,"Toronto, Ontario",
Tyler Hinrikus,3B/OF,R,R,Sophomore,Ball State University,NCAA: Division 1,IN,"Waterloo, Ontario",
Tanner Hodgson,OF,L,R,Sophomore,Mars Hill University,NCAA: Division 2,NC,"Burlington, Ontario",
Nick Holdershaw,OF,,,Sophomore,University of Dubuque,NCAA: Division 3,IA,"Langley, British Columbia",
Nathan Holmes,RHP,R,R,Sophomore,University of Texas at Tyler,NCAA: Division 2,TX,"Mississauga, Ontario",
Tim Holyk,IF,R,R,Sophomore,Miles,JUCO: Division 2,MT,"Nanaimo, British Columbia",
Steven Hospital,RHP,R,R,Sophomore,Niagara University,NCAA: Division 1,NY,"Oakville, Ontario",
Drew Howard,RHP,R,R,Sophomore,Chipola,JUCO: Division 1,FL,Whitby,
Dylan Howard,C,R,R,Sophomore,Western Nebraska,JUCO: Division 1,NE,"London, Ontario",
Ben Hubert,RHP,R,R,Sophomore,Kellogg,JUCO: Division 2,MI,Komoka,
Noah Hull,OF/1B,L,R,Sophomore,University of Mary,NCAA: Division 2,ND,"Scarborough, Ontario",
Brandon Hupe,OF,R,R,Sophomore,University of British Columbia,NAIA,BC,"Vancouver, British Columbia",
Dawson Hurford,RHP,R,R,Sophomore,Western Nebraska,JUCO: Division 1,NE,"Victoria, British Columbia",
Josh Ironside,RHP,R,R,Sophomore,Marshalltown,JUCO: Division 1,IA,"St. Albert, Alberta",
Spencer Jamieson,1B,L,R,Sophomore,Cleary University,NAIA,MI,"Burlington, Ontario",
Andrew Jawdek,RHP,R,R,Sophomore,Cleary University,NAIA,MI,"Halton Hills, Ontario",
Joseph Karall,RHP,R,R,Sophomore,Southeast Missouri State University,NCAA: Division 1,MO,"St. Albert, Alberta",
Jason Kauffeldt,OF,,,Sophomore,Houghton College,NCAA: Division 3,NY,"Oshawa, Ontario",
Kendall Keller,OF,L,R,Sophomore,University of Mary,NCAA: Division 2,ND,"Pilot Butte, Saskatchewan",
Trent King,LHP,L,L,Sophomore,Allegany Maryland,JUCO: Division 2,MD,"Surrey Province, British Columbia",
Brady Kobitowich,RHP,,,Sophomore,Cloud County,JUCO: Division 1,KS,"Edmonton, Alberta",
Deric LaMontagne,INF,L,R,Sophomore,Lamar University,NCAA: Division 1,TX,"Beloeil, Quebec",
Roch Laferriere,OF,L,R,Sophomore,Dakota State University,NAIA,SD,"Calgary, Alberta",
Shane Laforest,RHP,R,R,Sophomore,University of British Columbia,NAIA,BC,"Belle River, Ontario",
Olivier Larocque,RHP,,,Sophomore,Southwestern Oklahoma State University,NCAA: Division 2,OK,Quebec,
Josh Laukkanen,RHP,R,R,Sophomore,New Mexico State University,NCAA: Division 1,NM,"Nanaimo, British Columbia",
Charles Lefebvre,RHP,R,R,Sophomore,Saint Leo University,NCAA: Division 2,FL,Laval,
Ryan Leitch,C,,,Sophomore,Marshall University,NCAA: Division 1,WV,"Whitby, Ontario",
Jarod Leroux,RHP,,,Sophomore,Southwestern Oklahoma State University,NCAA: Division 2,OK,"Vernon, British Columbia",
Brendan Logan,RHP,R,R,Sophomore,University of British Columbia,NAIA,BC,"Oyen, Alberta",
Clayton Loranger,OF,R,L,Sophomore,Stephen F. Austin State University,NCAA: Division 1,TX,"Sherwood Park, Alberta",
Eric Luchies,LHP/1B,L,L,Sophomore,Lower Columbia,NW Athletic Conference,WA,"Victoria, British Columbia",
Marshal Luiz,C,,,Sophomore,Jackson State University,NCAA: Division 1,MS,"Surrey, British Columbia",
Jaryd Lund,LHP,,,Sophomore,Salem University,NCAA: Division 2,WV,"London, Ontario",
Jordan Lussier,RHP,R,R,Sophomore,Illinois State University,NCAA: Division 1,IL,"Winnipeg, Manitoba",
Mason MacLeod,RHP,R,R,Sophomore,Itasca,JUCO: Division 3,MN,"Winnipeg, Manitoba",
Owen MacNeil,P,,,Sophomore,University of Charleston,NCAA: Division 2,WV,"Georgetown, Ontario",
Anthony Marcano,INF,R,R,Sophomore,Campbellsville University,NAIA,KY,"Montreal, Quebec",
Weston Markle,RHP,,,Sophomore,Indiana Tech,NAIA,IN,Hamilton,
Zach Marriott,IF,L,R,Sophomore,Hendrix College,NCAA: Division 3,AR,"Oakville, Ontario",
CJ Maury,2B/SS,R,R,Sophomore,Wayne State University,NCAA: Division 2,MI,"Brampton, Ontario",
David McCabe,INF,S,R,Sophomore,"University of North Carolina, Charlotte",NCAA: Division 1,NC,"Oshawa, Ontario",
Matt McEachern,OF,L,R,Sophomore,Lourdes University,NAIA,OH,"Burlington, Ontario",
Noel McGarry-Doyle,OF,L,R,Sophomore,Southeastern,JUCO: Division 2,IA,"Vaughan, Ontario",
Kayne McGee,IF,R,R,Sophomore,West Liberty University,NCAA: Division 2,WV,"Mississippi Mills, Ontario",
Joel McGrath,RHP,R,R,Sophomore,Colby,JUCO: Division 1,KS,"Kindersley, Saskachewan",
Riley McKinnon,RHP,R,R,Sophomore,Marshalltown,JUCO: Division 1,IA,"Burlington, Ontario",
Duncan McLaughlin,RHP,R,R,Sophomore,Panola,JUCO: Division 1,TX,"""Nova Scotia",
Davis McMillan,OF,,,Sophomore,Houghton College,NCAA: Division 3,NY,"Oshawa, Ontario",
Daniel Mercandelli,RHP,R,R,Sophomore,Lake Region State,JUCO: Division 2,ND,"Cranbrook, British Columbia",
Giordano Mezzomo,,,,Sophomore,Cloud County,JUCO: Division 1,KS,"Vancouver, British Columbia",
Theo Millas,RHP,R,R,Sophomore,West Virginia University,NCAA: Division 1,WV,"Burnaby, British Columbia",
Sam Mitcham,C/OF,R,R,Sophomore,Muskegon,JUCO: Division 2,MI,"Whitby, Ontario",
Shane Nixon,IF,R,R,Sophomore,University of Central Oklahoma,NCAA: Division 2,OK,"Markham, Ontario",
Connor O'Halloran,LHP,R,L,Sophomore,University of Michigan,NCAA: Division 1,MI,"Mississauga, Ontario",
Ryan Olchoway,RHP,R,R,Sophomore,Northwestern State University,NCAA: Division 1,LA,"Saskatoon, Saskatchewan",
Zach Olson,OF,R,R,Sophomore,Kansas Wesleyan University,NAIA,KS,"Red, Alberta",
Ty Penner,IF,L,R,Sophomore,University of British Columbia,NAIA,BC,"Lethbridge, Alberta",
Trent Peters,IF/RHP,R,R,Sophomore,University of Jamestown,NAIA,ND,"Niverville, Manitoba",
Victor Plaz,INF,,,Sophomore,Clarendon,JUCO: Division 1,TX,"Montreal, Quebec",
Will Potter,LHP,L,L,Sophomore,Western Nebraska,JUCO: Division 1,NE,"Kincardine, Ontario",
Ben Prediger,C,R,R,Sophomore,University of Mary,NCAA: Division 2,ND,"Calgary, Alberta",
Tyson Pringle,,R,L,Sophomore,Dakota,JUCO: Division 2,ND,"Boissevain, Manitoba",
Jake Richmond-Benner,LHP,L,L,Sophomore,University of British Columbia,NAIA,BC,"Gibsons, British Columbia",
Eli Saul,RHP,L,R,Sophomore,Sacramento State University,NCAA: Division 1,CA,"Vancouver, British Columbia",
Parker Savard,INF,R,R,Sophomore,St. Cloud State University,NCAA: Division 2,MN,"Hanmer, Ontario",
Eddy Savoie,INF,R,R,Sophomore,West Texas A&M University,NCAA: Division 2,TX,"Montreal, Quebec",
Anthony Scali,INF,L,R,Sophomore,Siena Heights University,NAIA,MI,"Pickering, Ontario",
Wyatt Schnorr,C,R,R,Sophomore,University of British Columbia,NAIA,BC,"Vancouver, British Columbia",
Carter Scott,,R,R,Sophomore,Dakota,JUCO: Division 2,ND,"Airdrie, Alberta",
Daniel Sereda,LHP,L,L,Sophomore,University of British Columbia,NAIA,BC,"Vancouver, British Columbia",
Conall Sexton,LHP,L,L,Sophomore,San Diego Christian College,NAIA,CA,"Abbotsford, British Columbia",
John Shields,IF/LHP,L,L,Sophomore,University of Jamestown,NAIA,ND,"Calgary, Alberta",
Nathan Shute,C/OF,L,R,Sophomore,University of British Columbia,NAIA,BC,"Oakville, Ontario",
Cleary Simpson,IF,L,R,Sophomore,Colby,JUCO: Division 1,KS,"Red Deer, Alberta",
Jesse Simpson,RHP,,,Sophomore,Shorter University,NCAA: Division 2,GA,Victoria BC,
Joseph Sinclair,LHP,L,L,Sophomore,University of Mary,NCAA: Division 2,ND,"Vancouver, British Columbia",
Ben Sitarenios,RHP/OF,,,Sophomore,Salem University,NCAA: Division 2,WV,"Richmond Hills, Ontario",
Jesse Skelton,,R,R,Sophomore,Dakota,JUCO: Division 2,ND,"Hartney, Manitoba",
Grayden Stauffer,RHP,R,R,Sophomore,"University of Tennessee, Martin",NCAA: Division 1,TN,"Oshawa, Ontario",
Marcus Strother,C,R,R,Sophomore,University of Toledo,NCAA: Division 1,OH,"Kelowna, British Columbia",
Joel Suraganan,IF,R,R,Sophomore,Marshalltown,JUCO: Division 1,IA,"Pickering, Ontario",
Noah Takacs,RHP,L,R,Sophomore,Sacramento State University,NCAA: Division 1,CA,"Victoria, British Columbia",
Patrick Tangen,RHP,R,R,Sophomore,Lake Region State,JUCO: Division 2,ND,"Mission, British Columbia",
Sam Van Snellenberg,RHP,R,R,Sophomore,University of British Columbia,NAIA,BC,"Burnaby, British Columbia",
Torrin Vaselenak,IF,R,R,Sophomore,"University of Arkansas, Monticello",NCAA: Division 2,AR,"Coaldale, Alberta",
Liam Vulcano,IF,R,R,Sophomore,Colby,JUCO: Division 1,KS,"Cloverdale, British Columbia",
John Vulcano,IF,R,R,Sophomore,Colby,JUCO: Division 1,KS,"Cloverdale, British Columbia",
Stephen Wade,LHP,L,L,Sophomore,Eastern Oregon University,NAIA,OR,"Victoria, British Columbia",
Parker Wakelyn,RHP,R,R,Sophomore,University of Mary,NCAA: Division 2,ND,"Abbostford, British Columbia",
Josh Walker,OF,L,R,Sophomore,Sacramento State University,NCAA: Division 1,CA,"Victoria, British Columbia",
Hayden Wesseling,RHP,R,R,Sophomore,Monroe CC,JUCO: Division 2,NY,"Guelph, Ontario",
Ty Wevers,C,,,Sophomore,Cloud County,JUCO: Division 1,KS,"Lethbridge, Alberta",
Reese Whelen,C,R,R,Sophomore,Goshen College,NAIA,IN,"Medicine Hat, Alberta",
Matt Wiggins,RHP,L,R,Sophomore,Niagara University,NCAA: Division 1,NY,"Merrickville, Ontario",
Evan Wilcox,RHP,R,R,Sophomore,Menlo College,NAIA,CA,"Welland, Ontario",
Sam Worthen,RHP,R,R,Sophomore,Wilson College,NCAA: Division 3,PA,"Guelph, Ontario",
Ben Abram,RHP,R,R,Junior,University of Oklahoma,NCAA: Division 1,OK,"Georgetown, Ontario",
Angus Adams,UTL,R,R,Junior,Elmira College,NCAA: Division 3,NY,"Ottawa, Ontario",
Braden Babcock,LHP,R,,Junior,Washburn University of Topeka,NCAA: Division 2,KS,Ontario,
Carson Barker,INF,L,R,Junior,Lourdes University,NAIA,OH,"Alliston, Ontario",
Lukas Barry,RHP,R,R,Junior,Canisius College,NCAA: Division 1,NY,"Mississauga, Ontario",
Benjamen Bartholomew,OF,R,R,Junior,Knox College,NCAA: Division 3,IL,"Ottawa, Ontario",
Rushil Bhat,RHP,,,Junior,St. Bonaventure University,NCAA: Division 1,NY,"London, Ontario",
Brandon Billesberger,OF,L,R,Junior,Limestone University,NCAA: Division 2,SC,"Cochrane, Alberta",
Pier-Olivier Boucher,OF,,,Junior,Southern Illinois University at Carbondale,NCAA: Division 1,IL,"Saint-Joseph-de-Bauce, Quebec",
Chris Bowles,RHP,R,R,Junior,Lourdes University,NAIA,OH,"Oakville, Ontario",
Graham Brunner,LHP,L,L,Junior,Illinois State University,NCAA: Division 1,IL,"Sherwood Park, Alberta",
Ethan Brunton,OF,,,Junior,Corban University,NAIA,OR,"Victoria, British Columbia",
Rory Burke,RHP,R,R,Junior,Davis and Elkins College,NCAA: Division 2,WV,"Toronto, Ontario",
Dustin Caplett,UTL,,,Junior,Lyon College,NAIA,AR,Sundre Alberta,
Ryan Capuano,RHP,,,Junior,Marshall University,NCAA: Division 1,WV,"Toronto, Ontario",
Kaiden Cardoso,1B/3B,,,Junior,Minot State University,NCAA: Division 2,ND,"Abbotsford, British Columbia",
Daniel Carinci,INF,,,Junior,Marshall University,NCAA: Division 1,WV,"Ajax, Ontario",
Sam Chaput,OF,L,R,Junior,Emporia State University,NCAA: Division 2,KS,"Boisbriand, Quebec",
Brandon Clarke,RHP,,,Junior,Indiana University Kokomo,NAIA,IN,"Newmarket, Ontario",
Christian Coombes,LHP,L,L,Junior,Saint Peter's University,NCAA: Division 1,NJ,Ontario,
Kyle D'Angela,LHP,L,L,Junior,Bethany College,NAIA,KS,"Thorold, Ontario",
Brandon Deans,RHP,L,R,Junior,Oakland University,NCAA: Division 1,MI,"Mississauga, Ontario",
Cameron Deasy,RHP,R,R,Junior,Minot State University,NCAA: Division 2,ND,"Brampton, Ontario",
Matthew Deen,LHP,R,L,Junior,Castleton University,NCAA: Division 3,VT,"Mississauga, Ontario",
Hunter Dent,C,L,R,Junior,Mount Vernon Nazarene University,NAIA,OH,Ontario,
Owen Diodati,OF/C,L,R,Junior,University of Alabama,NCAA: Division 1,AL,"Niagara Falls, Ontario",
Rilley Dube,C,,,Junior,West Virginia University Institute of Technology,NAIA,WV,"Sudbury, Ontario",
Kaito Farquharson,P,,,Junior,Mayville State University,NAIA,ND,"Saltcoats, Saskatchewan",
Caleb Feuerstake,OF,L,L,Junior,McPherson College,NAIA,KS,"Waterdown, Ontario",
Cristian Forgione,C/IN,L,R,Junior,St. Lawrence University,NCAA: Division 3,NY,"Toronto, Ontario",
Ethan Francis,RHP,L,R,Junior,Northwestern State University,NCAA: Division 1,LA,"Miscouche, Prince Edward Island",
Kieran Gagnon,OF,R,R,Junior,Gannon University,NCAA: Division 2,PA,"Mono, Ontario",
Zach Gagnon,RHP,,,Junior,Tarleton State University,NCAA: Division 1,TX,"Sainte-Julie, Québec",
Andrew Giorno,RHP,R,R,Junior,Adrian College,NCAA: Division 3,MI,"Harrow, Ontario",
Garrett Goodall,RHP,R,R,Junior,Embry-Riddle Aeronautical University,NCAA: Division 2,FL,"Nanaimo, British Columbia",
Connor Green,RHP,R,R,Junior,Minot State University,NCAA: Division 2,ND,"Portage La Prairie, Manitoba",
Thomas Green,INF,R,R,Junior,Oakland University,NCAA: Division 1,MI,"Courtenay, British Columbia",
Evan Harrison,RHP,R,R,Junior,Gannon University,NCAA: Division 2,PA,"Mississauga, Ontario",
Griffin Hassall,RHP,R,R,Junior,Kansas State University,NCAA: Division 1,KS,"Newmarket, Ontario",
Jonathan Henry,RHP/OF,,,Junior,Albany State University,NCAA: Division 2,GA,"Whitby, Ontario",
Antonio Hyrnkow,C,R,R,Junior,McPherson College,NAIA,KS,"Brechin, Ontario",
Adam Inouye,MI,R,R,Junior,Academy of Art University,NCAA: Division 2,CA,"Vancouver, British Colombia",
Connor Irvine,RHP,R,R,Junior,Lassen College,California CC,CA,"Victoria, British Columbia",
Hunter James,3B,L,R,Junior,University of Northwestern Ohio,NAIA,OH,"Stratford, Ontario",
Tylor Jans,RHP,,,Junior,University of Louisiana at Monroe,NCAA: Division 1,LA,"Edmonton, Alberta",
Antoine Jean,LHP,R,L,Junior,University of Alabama,NCAA: Division 1,AL,"Montreal, Quebec",
Brandon Job,INF,L,R,Junior,Hilbert College,NCAA: Division 3,NY,"Maple, Ontario",
Dylan Johnson,C,R,R,Junior,Adrian College,NCAA: Division 3,MI,"Etobicoke, Ontario",
Kian Johnston,1B/OF,R,R,Junior,Eastern New Mexico University,NCAA: Division 2,NM,"Fruitvale, British Columbia",
Ben Jones,IF,,,Junior,University of Dayton,NCAA: Division 1,OH,"Toronto, Ontario",
Colbey Klepper,RHP,,,Junior,Presbyterian College,NCAA: Division 1,SC,"Stony Point, Alberta",
Kade Kozak,LHP,L,L,Junior,Davis and Elkins College,NCAA: Division 2,WV,"West Kelowna, British Columbia",
Nathan Landry,LHP,,,Junior,University of Missouri,NCAA: Division 1,MO,Quebec,
Tauren Langley,INF,R,R,Junior,Emporia State University,NCAA: Division 2,KS,"Edmonton, Alberta",
Kyle Lev,RHP,R,R,Junior,Siena College,NCAA: Division 1,NY,"Mississauga, Ontario",
Jack Liddell,P,,,Junior,Southern Arkansas University,NCAA: Division 2,AR,"Mississauga, Ontario",
Max Lojko,RHP,R,R,Junior,Lourdes University,NAIA,OH,"Barrie, Ontario",
Jordan MacDonald,1B,L,R,Junior,American International College,NCAA: Division 2,MA,"Fredericton, New Brunswick",
Jakob MacLeod,RHP,R,R,Junior,Ave Maria University,NAIA,FL,"Toronto, Ontario",
Nolan Machibroda,1B,L,L,Junior,Lubbock Christian University,NCAA: Division 2,TX,"Saskatoon, Saskatchewan",
Josh Marchese,1B/DH,L,R,Junior,Niagara University,NCAA: Division 1,NY,"Burnaby, British Columbia",
Spencer Marcus,OF,R,R,Junior,Niagara University,NCAA: Division 1,NY,"Chatham-Kent, Ontario",
Leo Markotic,INF/OF,R,R,Junior,"Texas A&M University, Corpus Christi",NCAA: Division 1,TX,Toronto,
Aidan Massad,RHP,,,Junior,Alderson Broaddus University,NCAA: Division 2,WV,"Leamington, Ontario",
Mackenzie Mather,C,R,R,Junior,State University of New York at Canton,NCAA: Division 3,NY,"Kemptville, Ontario",
Brogan McDougall,RHP,R,R,Junior,William Jewell College,NCAA: Division 2,MO,"White Rock, British Columbia",
Riley McErlean,C/RHP,R,R,Junior,The College of Wooster,NCAA: Division 3,OH,Toronto,
Wesley Moore,LHP,L,L,Junior,Kansas State University,NCAA: Division 1,KS,"Surrey, British Columbia",
Garrett Nicholson,LHP,,,Junior,Minot State University,NCAA: Division 2,ND,"Sydney Mines, Nova Scotia",
Matthew Nolin,LHP,L,L,Junior,Olivet Nazarene University,NAIA,IL,"Mississauga, Ontario",
Ryan O'Halloran,INF,R,R,Junior,Butler University,NCAA: Division 1,IN,"Mississauga, Ontario",
Reed Odland,C,L,R,Junior,"University of Arkansas, Monticello",NCAA: Division 2,AR,"Vauxhall, Alberta",
Alex Pallottini,C,R,R,Junior,Lourdes University,NAIA,OH,"Burlington, Ontario",
Tre Pankratz,OF,L,L,Junior,San Diego Christian College,NAIA,CA,"Abbotsford, British Columbia",
Jordan Peck,LHP/OF,L,L,Junior,Northwest Missouri State University,NCAA: Division 2,MO,"Winnipeg, Manitoba",
Corben Peters,RHP,R,R,Junior,Grambling State University,NCAA: Division 1,LA,"Ottawa, Ontario",
Zane Pollon,LHP,L,L,Junior,Mount Marty College,NAIA,SD,Saskatchewan,
Max Poole,RHP,R,R,Junior,Mars Hill University,NCAA: Division 2,NC,Fort McMurray,
Chris Pouliot,LHP,L,L,Junior,Canisius College,NCAA: Division 1,NY,"Boischatel, Québec",
Reece Reading,UT,L,R,Junior,"University of Arkansas, Monticello",NCAA: Division 2,AR,"Listowel, Ontario",
Tommy Reyes-Cruz,INF,L,L,Junior,Faulkner University,NAIA,AL,"Montreal, Quebec",
Spenser Ross,IF,R,R,Junior,Lawrence University,NCAA: Division 3,WI,"Mississauga, Ontario",
Ashton Roy,INF,L,R,Junior,New Mexico Highlands University,NCAA: Division 2,NM,Ontario,
Luigi Russo,1B,L,R,Junior,Ohio Wesleyan University,NCAA: Division 3,OH,"Kelowna, British Columbia",
Nathan Scragg,MIF,R,R,Junior,Dawson,JUCO: Division 2,MT,Ontario,
Tahj Smith,RHP,R,R,Junior,Lourdes University,NAIA,OH,"Brampton, Ontario",
Zachary Swanson,RHP,R,R,Junior,Park University Gilbert,NAIA,AZ,"Victoria, British Columbia",
Garrett Takamatsu,C/IF,R,R,Junior,University of Central Oklahoma,NCAA: Division 2,OK,"Burlington, Ontario",
Cal Theal,RHP,R,R,Junior,Niagara University,NCAA: Division 1,NY,"Niagara Falls, Ontario",
Cole Tucker,INF,R,R,Junior,Niagara University,NCAA: Division 1,NY,"Mount Pearl, Newfoundland & Labrador",
Martin Vincelli-Simard,INF,R,R,Junior,Sacramento State University,NCAA: Division 1,CA,"Boisbriand, Quebec",
David Walling,OF,R,R,Junior,Siena Heights University,NAIA,MI,"Mississauga, Ontario",
Matthew Watson,RHP,R,R,Junior,Biola University,NCAA: Division 2,CA,"Vancouver, British Columbia",
Chris Watson,IN,R,R,Junior,St. Lawrence University,NCAA: Division 3,NY,"Claremont, Ontario",
Nolan Weger,IF,R,R,Junior,University of British Columbia,NAIA,BC,"Surrey, British Columbia",
Jonah Weisner,INF,L,R,Junior,Ottawa University,NAIA,KS,"Mission, British Columbia",
Hayden Wilcox,RHP,L,R,Junior,Wheeling Jesuit University,NCAA: Division 2,WV,"Victoria, British Columbia",
Kaiden Zacharias,OF,,,Junior,Asbury University,NAIA,KY,Lloydminster,
Brian Zapp,INF,,,Junior,"Miami University, Ohio",NCAA: Division 1,OH,"Waterloo, Ontario",
Kevin Zhang,RHP,R,R,Junior,Cedarville University,NCAA: Division 2,OH,"Toronto, Ontario",
Zach Zinck,RHP,L,R,Junior,Ave Maria University,NAIA,FL,"Bridgewater, Nova Scotia",
Jordan Bahnuk,RHP,,,Senior,Southwestern Christian University,NAIA,OK,"Woodstock, Ontario",
Zack Banks,RHP,R,R,Senior,Lourdes University,NAIA,OH,"Saint Thomas, Ontario",
Brett Bantle,OF,L,R,Senior,Dickinson State University,NAIA,ND,"Saskatoon, Saskatchewan",
Malkolm Barrett,RHP,L,R,Senior,Wheeling Jesuit University,NCAA: Division 2,WV,"Brampton, Ontario",
Zachary Bayfield,LHP,L,L,Senior,Oberlin College,NCAA: Division 3,OH,"Toronto, Ontario",
Dylan Bells,LHP,L,L,Senior,St. Mary's University,NCAA: Division 2,TX,"Regina, Saskatchewan",
Jared Binsfeld,OF,R,R,Senior,University of Sioux Falls,NCAA: Division 2,SD,"Saskatoon, Saskatchewan",
Michael Bonaccorso,RHP,L,R,Senior,Saint Peter's University,NCAA: Division 1,NJ,"Mississauga, Ontario",
Matt Bondarchuk,OF,L,R,Senior,"University of Nebraska, Omaha",NCAA: Division 1,NE,"Edmonton, Alberta",
Dylan Borman,IF,R,R,Senior,"University of Arkansas, Monticello",NCAA: Division 2,AR,"Camrose, Alberta",
Landen Bourassa,RHP,R,R,Senior,University of San Francisco,NCAA: Division 1,CA,"Lethbridge, Alberta",
Ethan Boutkan,RHP,R,R,Senior,Brescia University,NAIA,KY,"Medicine Hat, Alberta",
Dondrae Bremner,INF,L,R,Senior,University of Cincinnati,NCAA: Division 1,OH,"Toronto, Ontario",
Archer Brookman,C,R,R,Senior,The Ohio State University,NCAA: Division 1,OH,"Pointe-Claire, Quebec",
Declan Buckle,MIF,,,Senior,Minot State University,NCAA: Division 2,ND,"Cornerbrook, Newfoundland",
Victor Cerny,C,R,R,Senior,"California State University, Northridge",NCAA: Division 1,CA,"Winnipeg, Manitoba",
Jacob Charron,C,R,R,Senior,Keiser University,NAIA,FL,"Ottawa, Ontario",
Matt Coutney,3B/1B,L,R,Senior,Old Dominion University,NCAA: Division 1,VA,"Edmonton, Alberta",
Alex Cull,IF,R,R,Senior,Albion College,NCAA: Division 3,MI,"Windsor, Ontario",
Payton DeLuca,IF,,,Senior,Mayville State University,NAIA,ND,"Ladner, British Columbia",
Liam Devine,LHP,,,Senior,St. Bonaventure University,NCAA: Division 1,NY,"Guelph, Ontario",
Lucas DiLuca,INF,L,R,Senior,Eastern Illinois University,NCAA: Division 1,IL,"Lasalle, Ontario",
Zach Diewert,OF,R,R,Senior,Southeastern University,NAIA,FL,"Chemainus, British Columbia",
Jacob Douglas,RHP,R,R,Senior,Fort Hays State University,NCAA: Division 2,KS,"Georgetown, Ontario",
Martin Eckard,RHP,R,R,Senior,Indiana Tech,NAIA,IN,"Victoria, British Columbia",
Canice Ejoh,OF,R,R,Senior,Seton Hill University,NCAA: Division 2,PA,"Brampton, Ontario",
Ben Erwin,RHP,R,R,Senior,Niagara University,NCAA: Division 1,NY,"Spruce Grove, Alberta",
Kyle Espineli,INF,R,R,Senior,Notre Dame College,NCAA: Division 2,OH,"Toronto, Ontario",
Devon Farrell,IF,R,R,Senior,Rockhurst University,NCAA: Division 2,MO,"Saskatoon, Saskatchewan",
Colton Fountain,C,R,R,Senior,Cleary University,NAIA,MI,"Statford, Ontario",
Zachary Freedman-Lloyd,,,,Senior,Cleary University,NAIA,MI,"Barrie, Ontario",
Blake Gallagher,RHP/INF,,,Senior,Minot State University,NCAA: Division 2,ND,"Fredericton, New Brunswick",
Paul Georget,INF,R,R,Senior,Nebraska Wesleyan University,NCAA: Division 3,NE,Airdrie,
Harley Gollert,LHP,R,L,Senior,Austin Peay State University,NCAA: Division 1,TN,"Toronto, Ontario",
Andres Gonzalez,IF,R,R,Senior,Mid-America Christian University,NAIA,OK,"Toronto, Ontario",
Daniel Gore,RHP,R,R,Senior,Madonna University,NAIA,MI,"Tecumseh, Ontario",
Brett Graham,C/INF,,,Senior,Salem University,NCAA: Division 2,WV,"Burlington, Ontario",
Colton Harold,OF,,,Senior,Northwestern College,NAIA,IA,"Abbotsford, British Columbia",
Branden Hatley,LHP,,,Senior,Minot State University,NCAA: Division 2,ND,"Morden, Manitoba",
Shaun Hickey,RHP,R,R,Senior,University of Mary,NCAA: Division 2,ND,"Sommerville, New Brunswick",
Matt Hilderbrandt,DH,L,R,Senior,Limestone University,NCAA: Division 2,SC,"Bowmanville, Ontario",
William Hlady,RHP,R,R,Senior,Valley City State University,NAIA,ND,"Dauphin, Manitoba",
Aidan Huggins,UTIL,R,R,Senior,Illinois State University,NCAA: Division 1,IL,"Edmonton, Alberta",
Ethan Hunt,,,,Senior,Oklahoma Panhandle State University,NAIA,OK,Elginburg,
Owen Jansen,2B/3B,L,R,Senior,Saint Leo University,NCAA: Division 2,FL,"Oakville, Ontario",
Matt Jenkins,OF,R,R,Senior,Harvard University,NCAA: Division 1,MA,"Toronto, Ontario",
Riley Jepson,OF,L,R,Senior,University of Texas at Tyler,NCAA: Division 2,TX,"Kamloops, British Columbia",
Ryan Johnston,INF,R,R,Senior,Bowling Green State University,NCAA: Division 1,OH,"Oakville, Ontario",
Matthew Johnston,P,,,Senior,Mayville State University,NAIA,ND,"Cypress River, Manitoba",
Alex Jones,LHP,L,L,Senior,Niagara University,NCAA: Division 1,NY,"Bowmanville, Ontario",
Nathan Kolb,RHP,R,R,Senior,University of Mary,NCAA: Division 2,ND,"Cloverdale, British Columbia",
Gibson Krzeminski,OF/3B,S,R,Senior,Canisius College,NCAA: Division 1,NY,"Tecumseh, Ontario",
Kyle Kush,IF,L,R,Senior,Canisius College,NCAA: Division 1,NY,"Guelph, Ontario",
Jacob Kush,RHP,R,R,Senior,University of Missouri,NCAA: Division 1,MO,"Guelph, Ontario",
Keegan Kwong,OF/RHP,R,R,Senior,Goshen College,NAIA,IN,"Edmonton, Alberta",
Taylor Lepard,RHP,R,R,Senior,Southern New Hampshire University,NCAA: Division 2,NH,"Toronto, Ontario",
Daniel Lichty,3B,S,R,Senior,Huntington University,NAIA,IN,"London, Ontario",
Shaun Logan,P,,,Senior,University of Dubuque,NCAA: Division 3,IA,Calgary,
Noah London,OF,R,R,Senior,University of Northwestern Ohio,NAIA,OH,"Toronto, Ontario",
Alex MacKinnon,RHP,R,R,Senior,Niagara University,NCAA: Division 1,NY,"Aurora, Ontario",
Hayden Malenfant,RHP,R,R,Senior,Southeast Missouri State University,NCAA: Division 1,MO,"Whitby, Ontario",
Benjamin Marsh,LHP,L,L,Senior,State University of New York at Oneonta,NCAA: Division 3,NY,"Halifax, Nova Scotia",
Kyle Maves,INF/OF,L,R,Senior,Quinnipiac University,NCAA: Division 1,CT,"Burlington, Ontario",
Jared McCorrister,IF/C,,,Senior,Mayville State University,NAIA,ND,"Boissevain, Manitoba",
David Mendham,INF/C,L,R,Senior,Oklahoma State University,NCAA: Division 1,OK,"Dorchester, Ontario",
Jack Moncur,IF,R,R,Senior,Rensselaer Polytechnic Institute,NCAA: Division 3,NY,"Burlington, Ontario",
Steven Moretto,INF,R,R,Senior,Sacramento State University,NCAA: Division 1,CA,"Coquitlam, British Columbia",
Tate Morrell,OF,L,R,Senior,Missouri University of Science and Technology,NCAA: Division 2,MO,"Lloydminster, Alberta",
Noah Myers,OF,L,R,Senior,"University of South Carolina, Upstate",NCAA: Division 1,SC,"Tilbury, Ontario",
Zach Newman,LHP,L,L,Senior,Minot State University,NCAA: Division 2,ND,"Miramichi, New Brunswick",
Jakob Newton,OF,,,Senior,Florida Institute of Technology,NCAA: Division 2,FL,Oakville,
Drew Nixon,INF,R,R,Senior,Valley City State University,NAIA,ND,"Toronto, Ontario",
Jonah Offman,RHP,-,R,Senior,Johns Hopkins University,NCAA: Division 3,MD,"Thornhill, Ontario",
Noah Or,C,R,R,Senior,University of British Columbia,NAIA,BC,"Richmond, British Columbia",
Nathan Picchioni,RHP,R,R,Senior,Lawrence Technological University,NAIA,MI,,
Adam Plouffe,OF,R,R,Senior,Mars Hill University,NCAA: Division 2,NC,"Toronto, Ontario",
Jacob Potter,RHP,R,R,Senior,Southeastern Oklahoma State University,NCAA: Division 2,OK,"Victoria, British Columbia",
Tanner Rempel,C,R,R,Senior,Colorado Mesa University,NCAA: Division 2,CO,"Abbotsford, British Columbia",
Noah Richardson,P/1B/OF,,,Senior,Northern Kentucky University,NCAA: Division 1,KY,"Windsor, Ontario",
Ashton Roy,INF,L,R,Senior,Morehead State University,NCAA: Division 1,KY,"Tottenheim, Ontario",
Aidan Safar,RHP,R,R,Senior,Rensselaer Polytechnic Institute,NCAA: Division 3,NY,"Toronto, Ontario",
Steven Sanders,P,,,Senior,University of Charleston,NCAA: Division 2,WV,"Kitchener, Ontario",
Ari Sechopoulos,1B,,,Senior,College of Charleston,NCAA: Division 1,SC,"Windsor, Ontario",
Nick Seginowich,C,R,R,Senior,Angelo State University,NCAA: Division 2,TX,"Victoria, British Columbia",
Adam Senden,P/1B,,,Senior,Mayville State University,NAIA,ND,"Winnipeg, Manitoba",
Austin Skelhorn,RHP,R,R,Senior,Ottawa University,NAIA,KS,"Aurora, Ontario",
Kyle Smyth,RHP,L,R,Senior,Niagara University,NCAA: Division 1,NY,"Whitby, Ontario",
Garner Spoljaric,RHP,R,R,Senior,Embry-Riddle Aeronautical University,NCAA: Division 2,FL,"Lisle, Ontario",
Nathan Stark,RHP,R,R,Senior,Doane University,NAIA,NE,"Medicine Hat, Alberta",
Chase Stewart,RHP,R,R,Senior,Mercyhurst University,NCAA: Division 2,PA,"Abbostsford, British Columbia",
Kyle Stubbins,RHP,R,R,Senior,University of British Columbia,NAIA,BC,"Surrey, British Columbia",
Mat Szabo,RHP,L,R,Senior,Angelo State University,NCAA: Division 2,TX,"Sarnia, Ontario",
Ben Teplin,INF,R,R,Senior,Indiana University of Pennsylvania,NCAA: Division 2,PA,"Richmond Hill, Ontario",
Joe Tevlin,C,R,R,Senior,Niagara University,NCAA: Division 1,NY,"Toronto, Ontario",
Jonathan Thibodeau,C,R,R,Senior,University of West Alabama,NCAA: Division 2,AL,"Burlington, Ontario",
Matt Turino,OF,L,R,Senior,Saint Louis University,NCAA: Division 1,MO,Ontario,
Max Von Gemmingen,C,L,R,Senior,Spring Arbor University,NAIA,MI,"Brampton, Ontario",
Jayden Wakeham,C,,,Senior,Northern Kentucky University,NCAA: Division 1,KY,"Victoria, British Columbia",
Daniel Warkentin,IF,R,R,Senior,Eastern Michigan University,NCAA: Division 1,MI,"Leamington, Ontario",
Lucas Wepf,RHP,,,Senior,University of Louisiana at Monroe,NCAA: Division 1,LA,Ontario,
Jayson Wilbur,LHP,R,L,Senior,Indiana University of Pennsylvania,NCAA: Division 2,PA,"Courtice, Ontario",
Malik Williams,INF,,,Senior,Lipscomb University,NCAA: Division 1,TN,Toronto,
Brantt Wood,IF,,,Senior,Mayville State University,NAIA,ND,"Saskatoon, Saskatchewan",
Max Wright,C/OF,L,R,Senior,Indiana State University,NCAA: Division 1,IN,"Toronto, Ontario",
Nicholas Zielomski,INF,R,R,Senior,Providence Christian College,NAIA,CA,A.B. Miller High School,
Aris Zimakas,LHP,L,L,Senior,Oakland University,NCAA: Division 1,MI,"Montreal, Quebec",
